<annotation>
	<folder>27_10_19_train</folder>
	<filename>04fe5aaa-f4bd-11e9-a51d-5c879cb9d205.jpg</filename>
	<path>/home/jetson/Desktop/27_10_19_train/04fe5aaa-f4bd-11e9-a51d-5c879cb9d205.jpg</path>
	<source>
		<database>Unknown</database>
	</source>
	<size>
		<width>300</width>
		<height>300</height>
		<depth>3</depth>
	</size>
	<segmented>0</segmented>
	<object>
		<name>car</name>
		<pose>Unspecified</pose>
		<truncated>0</truncated>
		<difficult>0</difficult>
		<bndbox>
			<xmin>182</xmin>
			<ymin>18</ymin>
			<xmax>297</xmax>
			<ymax>154</ymax>
		</bndbox>
	</object>
	<object>
		<name>lightring</name>
		<pose>Unspecified</pose>
		<truncated>0</truncated>
		<difficult>0</difficult>
		<bndbox>
			<xmin>225</xmin>
			<ymin>43</ymin>
			<xmax>247</xmax>
			<ymax>76</ymax>
		</bndbox>
	</object>
</annotation>
