<annotation>
	<folder>27_10_19_test</folder>
	<filename>1569c51e-f4bd-11e9-a51d-5c879cb9d205.jpg</filename>
	<path>/home/jetson/Desktop/27_10_19_test/1569c51e-f4bd-11e9-a51d-5c879cb9d205.jpg</path>
	<source>
		<database>Unknown</database>
	</source>
	<size>
		<width>300</width>
		<height>300</height>
		<depth>3</depth>
	</size>
	<segmented>0</segmented>
	<object>
		<name>car</name>
		<pose>Unspecified</pose>
		<truncated>0</truncated>
		<difficult>0</difficult>
		<bndbox>
			<xmin>133</xmin>
			<ymin>36</ymin>
			<xmax>233</xmax>
			<ymax>148</ymax>
		</bndbox>
	</object>
	<object>
		<name>lightring</name>
		<pose>Unspecified</pose>
		<truncated>0</truncated>
		<difficult>0</difficult>
		<bndbox>
			<xmin>173</xmin>
			<ymin>58</ymin>
			<xmax>192</xmax>
			<ymax>90</ymax>
		</bndbox>
	</object>
</annotation>
