<annotation>
	<folder>27_10_19_train</folder>
	<filename>15dbc37e-f71c-11e9-bb83-9ecf7be0bbc5.jpg</filename>
	<path>/home/jetson/Desktop/27_10_19_train/15dbc37e-f71c-11e9-bb83-9ecf7be0bbc5.jpg</path>
	<source>
		<database>Unknown</database>
	</source>
	<size>
		<width>300</width>
		<height>300</height>
		<depth>3</depth>
	</size>
	<segmented>0</segmented>
	<object>
		<name>car</name>
		<pose>Unspecified</pose>
		<truncated>0</truncated>
		<difficult>0</difficult>
		<bndbox>
			<xmin>102</xmin>
			<ymin>32</ymin>
			<xmax>173</xmax>
			<ymax>115</ymax>
		</bndbox>
	</object>
	<object>
		<name>lightring</name>
		<pose>Unspecified</pose>
		<truncated>0</truncated>
		<difficult>0</difficult>
		<bndbox>
			<xmin>130</xmin>
			<ymin>54</ymin>
			<xmax>143</xmax>
			<ymax>75</ymax>
		</bndbox>
	</object>
</annotation>
