<annotation>
	<folder>27_10_19_test</folder>
	<filename>1a4d9260-f71d-11e9-ba37-9ecf7be0bbc5.jpg</filename>
	<path>/home/jetson/Desktop/27_10_19_test/1a4d9260-f71d-11e9-ba37-9ecf7be0bbc5.jpg</path>
	<source>
		<database>Unknown</database>
	</source>
	<size>
		<width>300</width>
		<height>300</height>
		<depth>3</depth>
	</size>
	<segmented>0</segmented>
	<object>
		<name>car</name>
		<pose>Unspecified</pose>
		<truncated>0</truncated>
		<difficult>0</difficult>
		<bndbox>
			<xmin>176</xmin>
			<ymin>30</ymin>
			<xmax>262</xmax>
			<ymax>124</ymax>
		</bndbox>
	</object>
	<object>
		<name>lightring</name>
		<pose>Unspecified</pose>
		<truncated>0</truncated>
		<difficult>0</difficult>
		<bndbox>
			<xmin>207</xmin>
			<ymin>47</ymin>
			<xmax>223</xmax>
			<ymax>70</ymax>
		</bndbox>
	</object>
</annotation>
