<annotation>
	<folder>27_10_19_train</folder>
	<filename>2735f1a8-f71c-11e9-bb83-9ecf7be0bbc5.jpg</filename>
	<path>/home/jetson/Desktop/27_10_19_train/2735f1a8-f71c-11e9-bb83-9ecf7be0bbc5.jpg</path>
	<source>
		<database>Unknown</database>
	</source>
	<size>
		<width>300</width>
		<height>300</height>
		<depth>3</depth>
	</size>
	<segmented>0</segmented>
	<object>
		<name>car</name>
		<pose>Unspecified</pose>
		<truncated>0</truncated>
		<difficult>0</difficult>
		<bndbox>
			<xmin>76</xmin>
			<ymin>39</ymin>
			<xmax>138</xmax>
			<ymax>114</ymax>
		</bndbox>
	</object>
	<object>
		<name>lightring</name>
		<pose>Unspecified</pose>
		<truncated>0</truncated>
		<difficult>0</difficult>
		<bndbox>
			<xmin>100</xmin>
			<ymin>59</ymin>
			<xmax>111</xmax>
			<ymax>78</ymax>
		</bndbox>
	</object>
</annotation>
