<annotation>
	<folder>27_10_19_train</folder>
	<filename>546f9394-f71d-11e9-ba37-9ecf7be0bbc5.jpg</filename>
	<path>/home/jetson/Desktop/27_10_19_train/546f9394-f71d-11e9-ba37-9ecf7be0bbc5.jpg</path>
	<source>
		<database>Unknown</database>
	</source>
	<size>
		<width>300</width>
		<height>300</height>
		<depth>3</depth>
	</size>
	<segmented>0</segmented>
	<object>
		<name>car</name>
		<pose>Unspecified</pose>
		<truncated>0</truncated>
		<difficult>0</difficult>
		<bndbox>
			<xmin>87</xmin>
			<ymin>23</ymin>
			<xmax>178</xmax>
			<ymax>132</ymax>
		</bndbox>
	</object>
	<object>
		<name>lightring</name>
		<pose>Unspecified</pose>
		<truncated>0</truncated>
		<difficult>0</difficult>
		<bndbox>
			<xmin>127</xmin>
			<ymin>51</ymin>
			<xmax>141</xmax>
			<ymax>77</ymax>
		</bndbox>
	</object>
</annotation>
