<annotation>
	<folder>27_10_19_train</folder>
	<filename>5a8edb8e-f4bd-11e9-a51d-5c879cb9d205.jpg</filename>
	<path>/home/jetson/Desktop/27_10_19_train/5a8edb8e-f4bd-11e9-a51d-5c879cb9d205.jpg</path>
	<source>
		<database>Unknown</database>
	</source>
	<size>
		<width>300</width>
		<height>300</height>
		<depth>3</depth>
	</size>
	<segmented>0</segmented>
	<object>
		<name>car</name>
		<pose>Unspecified</pose>
		<truncated>0</truncated>
		<difficult>0</difficult>
		<bndbox>
			<xmin>185</xmin>
			<ymin>49</ymin>
			<xmax>204</xmax>
			<ymax>70</ymax>
		</bndbox>
	</object>
	<object>
		<name>lightring</name>
		<pose>Unspecified</pose>
		<truncated>0</truncated>
		<difficult>0</difficult>
		<bndbox>
			<xmin>192</xmin>
			<ymin>53</ymin>
			<xmax>197</xmax>
			<ymax>61</ymax>
		</bndbox>
	</object>
</annotation>
