<annotation>
	<folder>27_10_19_train</folder>
	<filename>74acbcfa-f71c-11e9-ba37-9ecf7be0bbc5.jpg</filename>
	<path>/home/jetson/Desktop/27_10_19_train/74acbcfa-f71c-11e9-ba37-9ecf7be0bbc5.jpg</path>
	<source>
		<database>Unknown</database>
	</source>
	<size>
		<width>300</width>
		<height>300</height>
		<depth>3</depth>
	</size>
	<segmented>0</segmented>
	<object>
		<name>car</name>
		<pose>Unspecified</pose>
		<truncated>0</truncated>
		<difficult>0</difficult>
		<bndbox>
			<xmin>99</xmin>
			<ymin>40</ymin>
			<xmax>195</xmax>
			<ymax>141</ymax>
		</bndbox>
	</object>
	<object>
		<name>lightring</name>
		<pose>Unspecified</pose>
		<truncated>0</truncated>
		<difficult>0</difficult>
		<bndbox>
			<xmin>150</xmin>
			<ymin>50</ymin>
			<xmax>165</xmax>
			<ymax>75</ymax>
		</bndbox>
	</object>
</annotation>
