<annotation>
	<folder>27_10_19_train</folder>
	<filename>bfcf8a6e-f71c-11e9-ba37-9ecf7be0bbc5.jpg</filename>
	<path>/home/jetson/Desktop/27_10_19_train/bfcf8a6e-f71c-11e9-ba37-9ecf7be0bbc5.jpg</path>
	<source>
		<database>Unknown</database>
	</source>
	<size>
		<width>300</width>
		<height>300</height>
		<depth>3</depth>
	</size>
	<segmented>0</segmented>
	<object>
		<name>car</name>
		<pose>Unspecified</pose>
		<truncated>1</truncated>
		<difficult>0</difficult>
		<bndbox>
			<xmin>53</xmin>
			<ymin>14</ymin>
			<xmax>300</xmax>
			<ymax>296</ymax>
		</bndbox>
	</object>
	<object>
		<name>lightring</name>
		<pose>Unspecified</pose>
		<truncated>0</truncated>
		<difficult>0</difficult>
		<bndbox>
			<xmin>169</xmin>
			<ymin>86</ymin>
			<xmax>214</xmax>
			<ymax>162</ymax>
		</bndbox>
	</object>
</annotation>
