<annotation>
	<folder>27_10_19_train</folder>
	<filename>c9416dc0-f71b-11e9-bb83-9ecf7be0bbc5.jpg</filename>
	<path>/home/jetson/Desktop/27_10_19_train/c9416dc0-f71b-11e9-bb83-9ecf7be0bbc5.jpg</path>
	<source>
		<database>Unknown</database>
	</source>
	<size>
		<width>300</width>
		<height>300</height>
		<depth>3</depth>
	</size>
	<segmented>0</segmented>
	<object>
		<name>car</name>
		<pose>Unspecified</pose>
		<truncated>1</truncated>
		<difficult>0</difficult>
		<bndbox>
			<xmin>1</xmin>
			<ymin>23</ymin>
			<xmax>176</xmax>
			<ymax>300</ymax>
		</bndbox>
	</object>
	<object>
		<name>lightring</name>
		<pose>Unspecified</pose>
		<truncated>0</truncated>
		<difficult>0</difficult>
		<bndbox>
			<xmin>64</xmin>
			<ymin>87</ymin>
			<xmax>105</xmax>
			<ymax>156</ymax>
		</bndbox>
	</object>
</annotation>
