<annotation>
	<folder>27_10_19_train</folder>
	<filename>d4453cb6-f4bd-11e9-a51d-5c879cb9d205.jpg</filename>
	<path>/home/jetson/Desktop/27_10_19_train/d4453cb6-f4bd-11e9-a51d-5c879cb9d205.jpg</path>
	<source>
		<database>Unknown</database>
	</source>
	<size>
		<width>300</width>
		<height>300</height>
		<depth>3</depth>
	</size>
	<segmented>0</segmented>
	<object>
		<name>car</name>
		<pose>Unspecified</pose>
		<truncated>0</truncated>
		<difficult>0</difficult>
		<bndbox>
			<xmin>108</xmin>
			<ymin>44</ymin>
			<xmax>236</xmax>
			<ymax>194</ymax>
		</bndbox>
	</object>
	<object>
		<name>lightring</name>
		<pose>Unspecified</pose>
		<truncated>0</truncated>
		<difficult>0</difficult>
		<bndbox>
			<xmin>162</xmin>
			<ymin>72</ymin>
			<xmax>184</xmax>
			<ymax>107</ymax>
		</bndbox>
	</object>
</annotation>
