<annotation>
	<folder>27_10_19_train</folder>
	<filename>e0497292-f71b-11e9-bb83-9ecf7be0bbc5.jpg</filename>
	<path>/home/jetson/Desktop/27_10_19_train/e0497292-f71b-11e9-bb83-9ecf7be0bbc5.jpg</path>
	<source>
		<database>Unknown</database>
	</source>
	<size>
		<width>300</width>
		<height>300</height>
		<depth>3</depth>
	</size>
	<segmented>0</segmented>
	<object>
		<name>car</name>
		<pose>Unspecified</pose>
		<truncated>0</truncated>
		<difficult>0</difficult>
		<bndbox>
			<xmin>178</xmin>
			<ymin>32</ymin>
			<xmax>270</xmax>
			<ymax>144</ymax>
		</bndbox>
	</object>
	<object>
		<name>lightring</name>
		<pose>Unspecified</pose>
		<truncated>0</truncated>
		<difficult>0</difficult>
		<bndbox>
			<xmin>213</xmin>
			<ymin>60</ymin>
			<xmax>230</xmax>
			<ymax>88</ymax>
		</bndbox>
	</object>
</annotation>
