<annotation>
	<folder>27_10_19_test</folder>
	<filename>ec022f90-f4bc-11e9-a51d-5c879cb9d205.jpg</filename>
	<path>/home/jetson/Desktop/27_10_19_test/ec022f90-f4bc-11e9-a51d-5c879cb9d205.jpg</path>
	<source>
		<database>Unknown</database>
	</source>
	<size>
		<width>300</width>
		<height>300</height>
		<depth>3</depth>
	</size>
	<segmented>0</segmented>
	<object>
		<name>car</name>
		<pose>Unspecified</pose>
		<truncated>0</truncated>
		<difficult>0</difficult>
		<bndbox>
			<xmin>146</xmin>
			<ymin>24</ymin>
			<xmax>291</xmax>
			<ymax>215</ymax>
		</bndbox>
	</object>
	<object>
		<name>lightring</name>
		<pose>Unspecified</pose>
		<truncated>0</truncated>
		<difficult>0</difficult>
		<bndbox>
			<xmin>202</xmin>
			<ymin>67</ymin>
			<xmax>229</xmax>
			<ymax>111</ymax>
		</bndbox>
	</object>
</annotation>
