<annotation>
	<folder>27_10_19_train</folder>
	<filename>f5599de2-f71b-11e9-bb83-9ecf7be0bbc5.jpg</filename>
	<path>/home/jetson/Desktop/27_10_19_train/f5599de2-f71b-11e9-bb83-9ecf7be0bbc5.jpg</path>
	<source>
		<database>Unknown</database>
	</source>
	<size>
		<width>300</width>
		<height>300</height>
		<depth>3</depth>
	</size>
	<segmented>0</segmented>
	<object>
		<name>car</name>
		<pose>Unspecified</pose>
		<truncated>0</truncated>
		<difficult>0</difficult>
		<bndbox>
			<xmin>144</xmin>
			<ymin>42</ymin>
			<xmax>250</xmax>
			<ymax>136</ymax>
		</bndbox>
	</object>
	<object>
		<name>lightring</name>
		<pose>Unspecified</pose>
		<truncated>0</truncated>
		<difficult>0</difficult>
		<bndbox>
			<xmin>227</xmin>
			<ymin>63</ymin>
			<xmax>236</xmax>
			<ymax>86</ymax>
		</bndbox>
	</object>
</annotation>
