<annotation>
	<folder>27_10_19_test</folder>
	<filename>fba4f4a2-f71c-11e9-ba37-9ecf7be0bbc5.jpg</filename>
	<path>/home/jetson/Desktop/27_10_19_test/fba4f4a2-f71c-11e9-ba37-9ecf7be0bbc5.jpg</path>
	<source>
		<database>Unknown</database>
	</source>
	<size>
		<width>300</width>
		<height>300</height>
		<depth>3</depth>
	</size>
	<segmented>0</segmented>
	<object>
		<name>car</name>
		<pose>Unspecified</pose>
		<truncated>0</truncated>
		<difficult>0</difficult>
		<bndbox>
			<xmin>124</xmin>
			<ymin>27</ymin>
			<xmax>167</xmax>
			<ymax>77</ymax>
		</bndbox>
	</object>
	<object>
		<name>lightring</name>
		<pose>Unspecified</pose>
		<truncated>0</truncated>
		<difficult>0</difficult>
		<bndbox>
			<xmin>141</xmin>
			<ymin>36</ymin>
			<xmax>149</xmax>
			<ymax>50</ymax>
		</bndbox>
	</object>
</annotation>
